{
  "accuracy": 0.980544747081712,
  "confusion_matrix": [
    [
      56,
      0,
      0,
      0
    ],
    [
      0,
      54,
      0,
      2
    ],
    [
      0,
      0,
      96,
      1
    ],
    [
      2,
      0,
      0,
      46
    ]
  ],
  "classification_report": {
    "search": {
      "precision": 0.9655172413793104,
      "recall": 1.0,
      "f1-score": 0.9824561403508771,
      "support": 56.0
    },
    "image": {
      "precision": 1.0,
      "recall": 0.9642857142857143,
      "f1-score": 0.9818181818181818,
      "support": 56.0
    },
    "ops": {
      "precision": 1.0,
      "recall": 0.9896907216494846,
      "f1-score": 0.9948186528497409,
      "support": 97.0
    },
    "unknown": {
      "precision": 0.9387755102040817,
      "recall": 0.9583333333333334,
      "f1-score": 0.9484536082474226,
      "support": 48.0
    },
    "accuracy": 0.980544747081712,
    "macro avg": {
      "precision": 0.9760731878958481,
      "recall": 0.9780774423171331,
      "f1-score": 0.9768866458165557,
      "support": 257.0
    },
    "weighted avg": {
      "precision": 0.981051322984581,
      "recall": 0.980544747081712,
      "f1-score": 0.9806324691197217,
      "support": 257.0
    }
  }
}