text,true_label,pred_label,pred_confidence,probs_json
what is your favorite color,unknown,search,0.737684,"{""search"": 0.03155533166506013, ""image"": 0.018837855000288898, ""ops"": 0.7376841427088207, ""unknown"": 0.2119226706258304}"
bind mount path invalid on Windows - adjust compose paths,ops,unknown,0.530568,"{""search"": 0.06517001868380994, ""image"": 0.36367564933427277, ""ops"": 0.04058605401397836, ""unknown"": 0.530568277967939}"
optical character recognition on receipts,image,unknown,0.665427,"{""search"": 0.10481552807346224, ""image"": 0.20794490729535559, ""ops"": 0.0218126346754933, ""unknown"": 0.665426929955689}"
straighten a photographed document page,image,unknown,0.523263,"{""search"": 0.20110623411741838, ""image"": 0.20288798796859842, ""ops"": 0.07274230011432711, ""unknown"": 0.5232634777996561}"
when,unknown,search,0.556557,"{""search"": 0.07675392829706999, ""image"": 0.15951908053179548, ""ops"": 0.5565573629505008, ""unknown"": 0.20716962822063367}"
